Bohrer	Bohrer
Schrank	Schrank
Finger	Traktor
Tasse	Tasse
Traktor	Bagger
Ameise	Ameise
Ziege	Robbe
Hut	Tuba
Pfanne	Gabel
Pullover	Pullover
Teller	Auge
Sessel	Sessel
Hammer	Saege
Kommode	Kommode
Ball	Hantel
Apfel	Kiwi
Sofa	Triangel
Pullover	Computer
Pilz	Bohne
Trampolin	Trampolin
Fuss	Zitrone
Robbe	Ameise
Ananas	Heft
Kegel	Trampolin
Bohrer	Nase
Gurke	Floete
Fahrrad	Fahrrad
Tuba	Kirsche
Auto	Trommel
Triangel	Ameise
Glas	Sieb
Tisch	Tisch
Wolf	Kirche
Harfe	Harfe
Telefon	Telefon
Trommel	Trommel
Robbe	Schule
Zug	Zug
Triangel	Triangel
Trampolin	Katze
Bagger	Bagger
Erbse	Tomate
Messer	Stuhl
Seil	Kegel
Heft	Heft
Zug	Auto
Kommode	Bein
Hirsch	Delphin
Zange	Zange
Hammer	Hammer
Paprika	Regal
Muehle	Muehle
Heft	Lineal
Bohne	Paprika
Lampe	Lampe
Erdbeere	Seil
Pfanne	Pfanne
Auge	Nagel
Gurke	Gurke
Gitarre	Tuba
Bagger	Orange
Schule	Schule
Schuessel	Pfanne
Locher	Locher
Zug	Arm
Radierer	Locher
Banane	Apfel
Finger	Knie
Huette	Huette
Laster	Laster
Bus	Zug
Kirsche	Kirsche
Sofa	Lampe
Gabel	Topf
Trommel	Floete
Bauch	Fuss
Stuhl	Tisch
Kiwi	Birne
Fernseher	Tomate
Glas	Glas
Brokkoli	Schraube
Auto	Auto
Fahrrad	Muehle
Brokkoli	Kartoffel
Kirche	Muehle
Bett	Klavier
Kirche	Sessel
Computer	Handy
Schrank	Regal
Saege	Saege
Auto	Fahrrad
Erbse	Erbse
Triangel	Orgel
Hocker	Hocker
Zwiebel	Zwiebel
Schaf	Schaf
Telefon	Fernseher
Arm	Arm
Banane	Auto
Bein	Bein
Loeffel	Teller
Drucker	Telefon
Hose	Bohrer
Ball	Harfe
Spitzer	Spitzer
Wolf	Wolf
Bus	Bus
Gabel	Gabel
Locher	Trampolin
Schuessel	Schuessel
Delphin	Messer
Kaninchen	Topf
Erdbeere	Erdbeere
Tuba	Tuba
Fuss	Fuss
Hocker	Geige
Schraube	Bohrer
Boot	Traktor
Nase	Bein
Schuh	Schuh
Finger	Finger
Mund	Nase
Fabrik	Kirche
Regal	Schwein
Hantel	Schlaeger
Traube	Orange
Seil	Zwiebel
Kegel	Kegel
Orgel	Orgel
Ziege	Stift
Kartoffel	Kartoffel
Ohr	Arm
Bohrer	Zange
Lampe	Knie
Drucker	Brokkoli
Knie	Knie
Zwiebel	Flieger
Kiwi	Tisch
Handy	Handy
Schuh	Hut
Boot	Karotte
Birne	Birne
Bohne	Bohne
Bluse	Erbse
Flieger	Boot
Kartoffel	Schlaeger
Orange	Zitrone
Hirsch	Hirsch
Teller	Glas
Burg	Burg
Karotte	Zwiebel
Hantel	Schaf
Kirche	Kirche
Traube	Saege
Tisch	Bett
Burg	Huette
Saege	Nagel
Hirsch	Apfel
Radio	Radio
Kartoffel	Gurke
Loeffel	Loeffel
Harfe	Spitzer
Schrank	Bagger
Wolf	Schaf
Muehle	Bett
Zitrone	Zitrone
Ananas	Banane
Nase	Gabel
Bauch	Locher
Drucker	Drucker
Heft	Zange
Knie	Bauch
Handy	Radio
Paprika	Paprika
Orgel	Gitarre
Mund	Mund
Schlaeger	Wolf
Kleid	Kleid
Kirsche	Boot
Sieb	Finger
Paprika	Karotte
Bauch	Bauch
Sofa	Sofa
Kirsche	Birne
Schaf	Kaninchen
Banane	Banane
Katze	Lampe
Schwein	Glas
Radierer	Loeffel
Ananas	Ananas
Gitarre	Fuss
Huette	Schule
Apfel	Telefon
Apfel	Apfel
Bluse	Kleid
Delphin	Delphin
Nase	Nase
Orange	Hammer
Klavier	Klavier
Glas	Orgel
Gabel	Kaninchen
Loeffel	Handy
Arm	Mund
Traktor	Sieb
Fahrrad	Roller
Schraube	Schraube
Seil	Seil
Bagger	Laster
Roller	Fernseher
Schuessel	Hantel
Hammer	Bohne
Schlaeger	Schlaeger
Topf	Ananas
Schuh	Traube
Delphin	Wolf
Schlaeger	Ball
Bein	Pfanne
Hose	Hose
Stift	Radierer
Laster	Tasse
Stuhl	Stuhl
Floete	Floete
Hose	Bluse
Geige	Geige
Tomate	Zug
Tomate	Brokkoli
Tasse	Pullover
Zange	Schraube
Klavier	Ball
Saege	Gitarre
Kleid	Fabrik
Ameise	Schwein
Zange	Ohr
Nagel	Hammer
Auge	Finger
Messer	Schuessel
Schraube	Bluse
Trommel	Drucker
Topf	Topf
Radio	Hut
Kegel	Hocker
Hut	Hut
Katze	Ziege
Kirsche	Traube
Floete	Harfe
Bein	Ohr
Floete	Birne
Erdbeere	Kirsche
Regal	Schrank
Spitzer	Hose
Arm	Gurke
Mund	Lineal
Ohr	Ohr
Computer	Computer
Hantel	Hantel
Orange	Orange
Sessel	Hirsch
Topf	Messer
Schwein	Schwein
Kommode	Stuhl
Birne	Ananas
Nagel	Nagel
Kaninchen	Kaninchen
Karotte	Schuh
Sessel	Kommode
Roller	Roller
Kleid	Hose
Computer	Huette
Bus	Trompete
Burg	Kegel
Ball	Ball
Orgel	Pilz
Katze	Katze
Boot	Boot
Handy	Laster
Pilz	Pilz
Hut	Pullover
Radierer	Radierer
Fernseher	Drucker
Tisch	Kleid
Spitzer	Heft
Klavier	Trommel
Huette	Schrank
Fabrik	Schuessel
Bluse	Bluse
Klarinette	Gitarre
Traktor	Traktor
Schwein	Katze
Pfanne	Banane
Fernseher	Fernseher
Tuba	Geige
Telefon	Delphin
Ziege	Ziege
Trompete	Klavier
Lineal	Kartoffel
Radio	Computer
Stuhl	Bus
Lineal	Spitzer
Karotte	Karotte
Auge	Auge
Bett	Sessel
Flieger	Erdbeere
Stift	Stift
Bett	Bett
Stift	Paprika
Knie	Robbe
Ameise	Sofa
Gurke	Erbse
Trampolin	Seil
Schule	Teller
Tasse	Loeffel
Trompete	Kiwi
Zitrone	Erdbeere
Schule	Burg
Geige	Bauch
Flieger	Flieger
Fuss	Auge
Pullover	Schuh
Hocker	Sofa
Schaf	Fahrrad
Brokkoli	Brokkoli
Kaninchen	Hirsch
Tomate	Tomate
Lampe	Hocker
Harfe	Trompete
Ohr	Kommode
Zitrone	Radio
Pilz	Burg
Nagel	Ziege
Roller	Bus
Erbse	Mund
Muehle	Fabrik
Robbe	Robbe
Sieb	Tasse
Traube	Traube
Gitarre	Gitarre
Zwiebel	Pilz
Trompete	Trompete
Messer	Messer
Kiwi	Kiwi
Lineal	Lineal
Teller	Teller
Locher	Stift
Laster	Flieger
Fabrik	Fabrik
Regal	Regal
Bohne	Radierer
Sieb	Sieb
Birne	Roller
Geige	Triangel
