sociale	stazza
sociale	dispetto
sociale	dilatazione
quantità	plebe
quantità	socievolezza
sociale	porzione
quantità	infamia
quantità	competizione
sociale	accumulo
quantità	etnia
sociale	offesa
quantità	quintale
sociale	sudditanza
quantità	cumulo
sociale	addizione
quantità	frazione
sociale	notorietà
sociale	carico
quantità	emarginazione
quantità	enormità
quantità	tradizione
sociale	plebe
sociale	socievolezza
sociale	servitù
sociale	infamia
sociale	competizione
quantità	carenza
quantità	dissenso
sociale	etnia
sociale	quintale
quantità	sfacciataggine
sociale	cumulo
sociale	frazione
quantità	immensità
sociale	emarginazione
sociale	enormità
quantità	servitù
quantità	grossezza
sociale	tradizione
quantità	venerazione
quantità	lusinga
sociale	carenza
sociale	dissenso
quantità	gentilezza
sociale	sfacciataggine
quantità	scherzo
quantità	mole
quantità	penuria
sociale	immensità
quantità	espansione
quantità	patto
quantità	nomea
sociale	grossezza
quantità	tonnellata
sociale	venerazione
quantità	decremento
quantità	grandezza
quantità	altruismo
sociale	lusinga
quantità	incremento
sociale	gentilezza
quantità	accrescimento
sociale	scherzo
sociale	mole
quantità	diffamazione
quantità	cospirazione
quantità	relazione
sociale	penuria
sociale	espansione
sociale	patto
sociale	nomea
sociale	tonnellata
quantità	estensione
quantità	ingrandimento
quantità	complotto
sociale	decremento
sociale	grandezza
sociale	altruismo
sociale	allargamento
sociale	incremento
sociale	accrescimento
quantità	diminuzione
quantità	alleanza
quantità	massa
quantità	rivalità
sociale	diffamazione
quantità	catasta
sociale	cospirazione
quantità	riduzione
sociale	relazione
quantità	fascino
quantità	allargamento
sociale	ingrandimento
sociale	estensione
sociale	complotto
quantità	stazza
quantità	dispetto
quantità	dilatazione
sociale	diminuzione
sociale	alleanza
quantità	porzione
sociale	massa
sociale	rivalità
quantità	accumulo
sociale	catasta
quantità	offesa
sociale	riduzione
quantità	sudditanza
quantità	addizione
sociale	fascino
quantità	notorietà
quantità	carico
